{
  "last_processed_index": 420,
  "total_samples": 760,
  "successful": 420,
  "failed": 0,
  "failed_files": [],
  "total_cost": 0.13452839999999988,
  "timestamp": "2025-11-15T02:55:15.465962"
}